{"trace": {"0": {"user_requirement": "Write a function to convert camel case string to snake case chain by using regex", "ost_step": {"1": "## Your task:Implement the camel_to_snake function using regular expressions (regex)."}, "direct_answer": {"text": "import re\n\ndef camel_to_snake(text):\n    '''\n    Write a function to convert camel case string to snake case chain by using regex\n    for example:\n    camel_to_snake('GoogleAssistant') == 'google_assistant'\n    '''\n    # Use regex to find uppercase letters and insert underscores before them\n    snake_case_text = re.sub(r'(?<!^)(?=[A-Z])', '_', text)\n    # Convert the entire string to lowercase\n    snake_case_text = snake_case_text.lower()\n    return snake_case_text\n\n# Example usage:\nprint(camel_to_snake('GoogleAssistant'))  # Output: 'google_assistant'", "value": 0.15625}}}, "rollout_id": 0, "type": "DIRECT_ANSWER"}
{"trace": {"0": {"user_requirement": "Write a Python function to convert a camel case string to snake case using regex.", "ost_step": {"1": "## Your task:Implement the camel_to_snake function using regular expressions (regex)."}, "direct_answer": {"text": "import re\n\ndef camel_to_snake(text):\n    '''\n    Write a Python function to convert a camel case string to snake case using regex.\n    for example:\n    camel_to_snake('GoogleAssistant') == 'google_assistant'\n    '''\n    # Use regex to find uppercase letters and insert underscores before them\n    snake_case = re.sub(r'(?<!^)(?=[A-Z])', '_', text)\n    # Convert the entire string to lowercase\n    return snake_case.lower()\n\n# Example usage:\nprint(camel_to_snake('GoogleAssistant'))  # Output: 'google_assistant'", "value": 0.09375}}}, "rollout_id": 3, "type": "DIRECT_ANSWER"}
{"trace": {"0": {"user_requirement": "Write a function to convert camel case string to snake case chain by using regex", "ost_step": {}, "direct_answer": {"text": "import re\n\ndef camel_to_snake(text):\n    '''\n    Write a function to convert camel case string to snake case chain by using regex\n    \n    Args:\n        text (str): The camel case string to be converted\n        \n    Returns:\n        str: The snake case string\n    \n    Example:\n        camel_to_snake('GoogleAssistant') == 'google_assistant'\n    '''\n    return re.sub(r'(?<!^)(?=[A-Z])', '_', text).lower()\n\n# Example usage:\nprint(camel_to_snake('GoogleAssistant'))  # Output: 'google_assistant'", "value": 0.1875}}}, "rollout_id": 0, "type": "DIRECT_ANSWER"}
{"trace": {"0": {"user_requirement": "Write a Python function to convert a camel case string to snake case using regex.", "ost_step": {}, "direct_answer": {"text": "import re\n\ndef camel_to_snake(text):\n    '''\n    Write a Python function to convert a camel case string to snake case using regex.\n    for example:\n    camel_to_snake('GoogleAssistant') == 'google_assistant'\n    '''\n    return re.sub(r'(?<!^)(?=[A-Z])', '_', text).lower()\n\n# Example usage:\nprint(camel_to_snake('GoogleAssistant'))  # Output: google_assistant", "value": 0.15625}}}, "rollout_id": 1, "type": "DIRECT_ANSWER"}
