{"trace": {"0": {"user_requirement": "Write a function to convert camel case string to snake case chain by using regex", "ost_step": {"1": "## Your task:Implement a Python function that takes a camelCase string and converts it to snake_case using regular expressions.", "2": "# Your task:Implement a Python function that takes a camelCase string and converts it to snake_case using regular expressions."}, "direct_answer": {"text": "import re\n\ndef camel_to_snake(text):\n    '''\n    Convert camel case string to snake case using regex.\n    '''\n    # Use a regular expression to insert underscores before each uppercase letter\n    # except the first character\n    snake_case_text = re.sub(r'(?<!^)(?=[A-Z])', '_', text)\n    # Convert the entire string to lowercase\n    snake_case_text = snake_case_text.lower()\n    return snake_case_text\n\n# Example usage:\nprint(camel_to_snake('GoogleAssistant'))  # Output: 'google_assistant'", "value": 0.0625}}}, "rollout_id": 3, "type": "DIRECT_ANSWER"}
{"trace": {"0": {"user_requirement": "Write a Python function to convert a camel case string to snake case using regex.", "ost_step": {"1": "## Your task:Implement a Python function that takes a camelCase string and converts it to snake_case using regular expressions.", "2": "# Your task:Implement a Python function that takes a camelCase string and converts it to snake_case using regular expressions.", "3": "# Your task:Implement a Python function that takes a camelCase string and converts it to snake_case using regular expressions."}, "direct_answer": {"text": "import re\n\ndef camel_to_snake(text):\n    '''\n    Write a Python function to convert a camel case string to snake case using regex.\n    for example:\n    camel_to_snake('GoogleAssistant') == 'google_assistant'\n    '''\n    # Use regex to insert underscores before capital letters (except the first one)\n    snake_case_text = re.sub(r'(?<!^)(?=[A-Z])', '_', text)\n    # Convert the entire string to lowercase\n    snake_case_text = snake_case_text.lower()\n    return snake_case_text\n\n# Example usage:\nprint(camel_to_snake('GoogleAssistant'))  # Output: google_assistant", "value": 0.1875}}}, "rollout_id": 9, "type": "DIRECT_ANSWER"}
{"trace": {"0": {"user_requirement": "Write a Python function to convert a camel case string to snake case using regex.", "ost_step": {"1": "## Your task:Implement a Python function that takes a camelCase string and converts it to snake_case using regular expressions.", "2": "# Your task:Implement a Python function that takes a camelCase string and converts it to snake_case using regular expressions.", "3": "# Your task:Implement a Python function that takes a camelCase string and converts it to snake_case using regular expressions."}, "direct_answer": {"text": "import re\n\ndef camel_to_snake(text):\n    '''\n    Write a Python function to convert a camel case string to snake case using regex.\n    for example:\n    camel_to_snake('GoogleAssistant') == 'google_assistant'\n    '''\n    return re.sub(r'(?<!^)(?=[A-Z])', '_', text).lower()", "value": 0.1875}}}, "rollout_id": 9, "type": "DIRECT_ANSWER"}
{"trace": {"0": {"user_requirement": "Write a Python function to convert a camel case string to snake case using regex.", "ost_step": {"1": "## Your task:Implement a Python function that takes a camelCase string and converts it to snake_case using regular expressions.", "2": "# Your task:Implement a Python function that takes a camelCase string and converts it to snake_case using regular expressions."}, "direct_answer": {"text": "import re\n\ndef camel_to_snake(text):\n    # Use regex to insert an underscore before each uppercase letter\n    # except the first one, then convert the entire string to lowercase\n    return re.sub(r'(?<!^)(?=[A-Z])', '_', text).lower()\n\n# Example usage:\nprint(camel_to_snake('GoogleAssistant'))  # Output: google_assistant", "value": 0.09375}}}, "rollout_id": 9, "type": "DIRECT_ANSWER"}
{"trace": {"0": {"user_requirement": "Write a function to convert camel case string to snake case chain by using regex", "ost_step": {"1": "## Your task:Implement a Python function that takes a camelCase string and converts it to snake_case using regular expressions."}, "direct_answer": {"text": "import re\n\ndef camel_to_snake(text):\n    '''\n    Convert a camelCase string to snake_case using regular expressions.\n\n    Args:\n    text (str): The camelCase string to be converted.\n\n    Returns:\n    str: The snake_case version of the input string.\n\n    Example:\n    >>> camel_to_snake('GoogleAssistant')\n    'google_assistant'\n    '''\n    # Use a regular expression to insert an underscore before each uppercase letter\n    snake_case_text = re.sub(r'(?<!^)(?=[A-Z])', '_', text)\n    \n    # Convert the string to lowercase\n    snake_case_text = snake_case_text.lower()\n    \n    return snake_case_text\n\n# Example usage:\nprint(camel_to_snake('GoogleAssistant'))  # Output: 'google_assistant'", "value": 0.28125}}}, "rollout_id": 1, "type": "DIRECT_ANSWER"}
{"trace": {"0": {"user_requirement": "Write a Python function to convert a camel case string to snake case using regex.", "ost_step": {"1": "## Your task:Implement a Python function that takes a camelCase string and converts it to snake_case using regular expressions.", "2": "## Your task:Use Python's `re` module to identify uppercase letters that follow lowercase letters or are at the start of the string."}, "direct_answer": {"text": "import re\n\ndef camel_to_snake(text):\n    '''\n    Convert a camel case string to snake case using regex.\n    \n    Parameters:\n    text (str): The camel case string to convert.\n    \n    Returns:\n    str: The snake case string.\n    \n    Examples:\n    camel_to_snake('GoogleAssistant') == 'google_assistant'\n    '''\n    \n    # Use regex to find all uppercase letters that follow lowercase letters or are at the start of the string\n    # and insert an underscore before them, then convert the entire string to lowercase\n    snake_case_text = re.sub(r'(?<!^)(?=[A-Z])', '_', text).lower()\n    \n    return snake_case_text\n\n# Example usage:\nprint(camel_to_snake('GoogleAssistant'))  # Output: 'google_assistant'", "value": 0.09375}}}, "rollout_id": 15, "type": "DIRECT_ANSWER"}
{"trace": {"0": {"user_requirement": "Write a Python function to convert a camel case string to snake case using regex.", "ost_step": {"1": "## Your task:Implement a Python function that takes a camelCase string and converts it to snake_case using regular expressions."}, "direct_answer": {"text": "import re\n\ndef camel_to_snake(text):\n    '''\n    Write a Python function to convert a camel case string to snake case using regex.\n    for example:\n    camel_to_snake('GoogleAssistant') == 'google_assistant'\n    '''\n    return re.sub(r'(?<!^)(?=[A-Z])', '_', text).lower()", "value": 0.09375}}}, "rollout_id": 1, "type": "DIRECT_ANSWER"}
{"trace": {"0": {"user_requirement": "Write a function to convert camel case string to snake case chain by using regex", "ost_step": {}, "direct_answer": {"text": "import re\n\ndef camel_to_snake(text):\n    '''\n    Write a function to convert camel case string to snake case chain by using regex\n    for example:\n    camel_to_snake('GoogleAssistant') == 'google_assistant'\n    '''\n    return re.sub(r'(?<!^)(?=[A-Z])', '_', text).lower()\n\n# Example usage:\nprint(camel_to_snake('GoogleAssistant'))  # Output: google_assistant", "value": 0.1875}}}, "rollout_id": 0, "type": "DIRECT_ANSWER"}
{"trace": {"0": {"user_requirement": "Write a Python function to convert a camel case string to snake case using regex.", "ost_step": {}, "direct_answer": {"text": "import re\n\ndef camel_to_snake(text):\n    # Use a regular expression to replace capital letters with an underscore and the lowercase version of the letter\n    return re.sub(r'(?<!^)(?=[A-Z])', '_', text).lower()\n\n# Example usage:\nprint(camel_to_snake('GoogleAssistant'))  # Output: google_assistant", "value": 0.125}}}, "rollout_id": 0, "type": "DIRECT_ANSWER"}
